﻿<?xml version="1.0" encoding="utf-8"?><Defs>

  <SoundDef>
    <defName>Explosion_Excavator</defName>  
    <context>MapOnly</context> 
    <eventNames />  
    <maxSimultaneous>1</maxSimultaneous>  
    <subSounds>
      <li>
        <grains>
          <li Class="AudioGrain_Folder">
            <clipFolderPath>Interact/Work/Machine/Stop</clipFolderPath>
          </li>
        </grains>      
        <volumeRange>
          <min>100</min>        
          <max>110</max>
        </volumeRange>      
        <pitchRange>
          <min>0.1</min>        
          <max>0.1</max>
        </pitchRange>
      </li>
    </subSounds>
  </SoundDef>

</Defs>
