﻿<?xml version="1.0" encoding="utf-8" ?>
<Defs>

<!--Base Defs to new stonecutter workbench-->
	<RecipeDef Name="MakeMatrixBlocksBase" Abstract="True">
		<jobString>Cutting stone blocks from chunk.</jobString>
        <workAmount>1200</workAmount>
		<effectWorking>CutStone</effectWorking>
		<soundWorking>Recipe_MakeStoneBlocks</soundWorking>
		<targetCountAdjustment>75</targetCountAdjustment>
		<recipeUsers>
			<li>TableEletricStonecutter</li>
		</recipeUsers>
	</RecipeDef>

<!--Recipes to new stonecutter workbench-->
    <RecipeDef ParentName="MakeMatrixBlocksBase">
		<defName>MakeMatrixBlocks</defName>
		<label>make matrix blocks</label>
		<description>Cuts matrix chunks into usable blocks.</description>
		<skillRequirements><Crafting>8</Crafting></skillRequirements>
		<ingredients>
			<li>
				<filter>
					<thingDefs>
						<li>ChunkMatrix</li>
					</thingDefs>
				</filter>
				<count>3</count>
			</li>
		</ingredients>
		<fixedIngredientFilter>
			<thingDefs>
				<li>ChunkMatrix</li>
			</thingDefs>
		</fixedIngredientFilter>
		<products>
			<BlocksMatrix>60</BlocksMatrix>
		</products>
	</RecipeDef>
	
	<RecipeDef ParentName="MakeMatrixBlocksBase">
		<defName>NWMakeBlocksSandstone</defName>
		<label>make sandstone blocks from matrix</label>
		<description>Cuts matrix chunks into usable sandstone blocks.</description>
		<skillRequirements><Crafting>13</Crafting></skillRequirements>
        <researchPrerequisite>NW_AdvancedStoneCutting</researchPrerequisite>	
		<ingredients>
			<li>
				<filter>
			      <thingDefs>
			    	<li>ChunkMatrix</li>
			      </thingDefs>
				</filter>
				<count>3</count>
			</li>
		</ingredients>
		<fixedIngredientFilter>
		   <thingDefs>
	       	 <li>ChunkMatrix</li>
	       </thingDefs>
		</fixedIngredientFilter>
		<products>
			<BlocksSandstone>150</BlocksSandstone>
		</products>
	</RecipeDef>
	
	<RecipeDef ParentName="MakeMatrixBlocksBase">
		<defName>NWMakeBlocksGranite</defName>
		<label>make granite blocks from matrix</label>
		<description>Cuts matrix chunks into usable granite blocks.</description>
		<skillRequirements><Crafting>13</Crafting></skillRequirements>
        <researchPrerequisite>NW_AdvancedStoneCutting</researchPrerequisite>	
		<ingredients>
			<li>
				<filter>
			      <thingDefs>
			    	<li>ChunkMatrix</li>
			      </thingDefs>
				</filter>
				<count>3</count>
			</li>
		</ingredients>
		<fixedIngredientFilter>
		   <thingDefs>
	       	 <li>ChunkMatrix</li>
	       </thingDefs>
		</fixedIngredientFilter>
		<products>
			<BlocksGranite>150</BlocksGranite>
		</products>
	</RecipeDef>
	
	<RecipeDef ParentName="MakeMatrixBlocksBase">
		<defName>NWMakeBlocksLimestone</defName>
		<label>make limestone blocks from matrix</label>
		<description>Cuts matrix chunks into usable limestone blocks.</description>
		<skillRequirements><Crafting>13</Crafting></skillRequirements>
        <researchPrerequisite>NW_AdvancedStoneCutting</researchPrerequisite>	
		<ingredients>
			<li>
				<filter>
			      <thingDefs>
			    	<li>ChunkMatrix</li>
			      </thingDefs>
				</filter>
				<count>3</count>
			</li>
		</ingredients>
		<fixedIngredientFilter>
		   <thingDefs>
	       	 <li>ChunkMatrix</li>
	       </thingDefs>
		</fixedIngredientFilter>
		<products>
			<BlocksLimestone>150</BlocksLimestone>
		</products>
	</RecipeDef>
	
	<RecipeDef ParentName="MakeMatrixBlocksBase">
		<defName>NWMakeBlocksSlate</defName>
		<label>make slate blocks from matrix</label>
		<description>Cuts matrix chunks into usable slate blocks.</description>
		<skillRequirements><Crafting>13</Crafting></skillRequirements>
        <researchPrerequisite>NW_AdvancedStoneCutting</researchPrerequisite>	
		<ingredients>
			<li>
				<filter>
			      <thingDefs>
			    	<li>ChunkMatrix</li>
			      </thingDefs>
				</filter>
				<count>3</count>
			</li>
		</ingredients>
		<fixedIngredientFilter>
		   <thingDefs>
	       	 <li>ChunkMatrix</li>
	       </thingDefs>
		</fixedIngredientFilter>
		<products>
			<BlocksSlate>150</BlocksSlate>
		</products>
	</RecipeDef>
	
	<RecipeDef ParentName="MakeMatrixBlocksBase">
		<defName>NWMakeBlocksMarble</defName>
		<label>make marble blocks from matrix</label>
		<description>Cuts matrix chunks into usable marble blocks.</description>
		<skillRequirements><Crafting>13</Crafting></skillRequirements>
        <researchPrerequisite>NW_AdvancedStoneCutting</researchPrerequisite>	
		<ingredients>
			<li>
				<filter>
			      <thingDefs>
			    	<li>ChunkMatrix</li>
			      </thingDefs>
				</filter>
				<count>3</count>
			</li>
		</ingredients>
		<fixedIngredientFilter>
		   <thingDefs>
	       	 <li>ChunkMatrix</li>
	       </thingDefs>
		</fixedIngredientFilter>
		<products>
			<BlocksMarble>150</BlocksMarble>
		</products>
	</RecipeDef>
	
		<RecipeDef ParentName="MakeMatrixBlocksBase">
		<defName>NWMakeBlocksAny</defName>
		<label>make blocks from any chunks</label>
		<description>Cuts rock chunks 3 times more fast than the normal table stonecutter.</description>
		<workerCounterClass>RecipeWorkerCounter_MakeStoneBlocks</workerCounterClass>
        <workAmount>1600</workAmount>
		<ingredients>
			<li>
				<filter>
					<categories>
						<li>StoneChunks</li>
					</categories>
				</filter>
				<count>3</count>
			</li>
		</ingredients>
		<fixedIngredientFilter>
			<categories>
				<li>StoneChunks</li>
			</categories>
			<exceptedThingDefs>
				<li>ChunkMatrix</li>
			</exceptedThingDefs>
		</fixedIngredientFilter>
		<specialProducts>
			<li>Butchery</li>
		</specialProducts>
	</RecipeDef>	
</Defs>